

{
    "name": "Parent (Click to Expand)",
    "type":"folder",
    "data": [
        {
            "type": "folder",
            "name": "root",
            "data": [
                {
                    "type": "folder",
                    "name": "src",
                    "data": [
                        {
                            "type": "file",
                            "meta": "js",
                            "name": "index.js"
                        }
                    ]
                },
                {
                    "type": "folder",
                    "name": "public",
                    "data": [
                        {
                            "type": "file",
                            "meta": "ts",
                            "name": "index.ts"
                        }
                    ]
                },
                {
                    "type": "file",
                    "meta": "html",
                    "name": "index.html"
                },
                {
                    "type": "folder",
                    "name": "data",
                    "data": [
                        {
                            "type": "folder",
                            "name": "images",
                            "data": [
                                {
                                    "type": "file",
                                    "meta": "img",
                                    "name": "image.png"
                                },
                                {
                                    "type": "file",
                                    "meta": "img",
                                    "name": "image2.webp"
                                }
                            ]
                        },
                        {
                            "type": "file",
                            "meta": "svg",
                            "name": "logo.svg"
                        }
                    ]
                }
            ]
        }
    ]
}